type	acrostic	page
f	william	Page:Sentimental valentine writer.pdf/11
f	mother	Page:The Canadian soldiers' song book.djvu/57
f	charlesfrancklin	Page:Notes and Queries - Series 9 - Volume 2.djvu/394
f	williamlilly	Christian Astrology
f	thomas	Page:Devon &amp; Cornwall Notes &amp; Queries.djvu/21
f	mattheusparkerus	Page:Archaeological Journal, Volume 29.djvu/98
f	thealchemist	The Alchemist (Jonson)/Argument
m	elizabeth	An Acrostic
m	georgianaaugustakeats	Page:The complete poetical works and letters of John Keats, 1899.djvu/279
m	lamb	Page:EB1911 - Volume 01.djvu/187
m	annacooper	The Chronicles of Cooperstown/Chapter IV
m	rose	Page:Carroll - Phantasmagoria and other poems (1869).djvu/121
m	georgewashington	The Old Guard/Volume 1/Issue 1/Acrostic
m	cuntissweetwhenyoungandtender	The Pearl/Volume 18/Acrostic
fm	cuntprickfuck	The Pearl/Volume 18/Acrostic - Madrigal
fm	fuckmycuntdearpapa	The Pearl/Volume 18/Acrostic - The Martyr
fm	thanksgiving	Page:St. Nicholas - Volume 41, Part 1.djvu/59
m	wolf	To Doctor Empiric
mo	charleshspurgeon	Page:Poems Curwen.djvu/239
mo	edithadagrange	Page:Poems Curwen.djvu/244
mo	hannahlawson	Page:Poems Curwen.djvu/244
m	brandon	Flint and Feather (1914)/Part 3/Brandon
m	canada	Flint and Feather (1914)/Part 3/Canada
m	land	Page:Letters of Life.djvu/269
m	gertrudechataway	Page:The Hunting of the Snark (1876).djvu/11
fm	iacobus	Marmion/Notes
m	iacobus	Page:Marmion - Walter Scott (ed. Bayne, 1889).pdf/323
m2	esuschristsonofgodsaviou	Nicene and Post-Nicene Fathers: Series II/Volume I/Constantine/The Oration of Constantine/Chapter 18
fm	williambedlowe	Page:Notes and Queries - Series 2 - Volume 1.djvu/216
m	clamor	Page:Civilization and barbarism (1868).djvu/163
m	poldy	Page:Ulysses, 1922.djvu/634
m	chastelard	Page:Hand in hand; (IA handinhand00kipl).pdf/27
m	jamesgardiner	Page:Most remarkable passages in the life of the honourable Colonel James Gardiner.pdf/24
fm	masterrichardcameron	Page:Good news to Scotland (1).pdf/2
fm	masterrichardcameron	Page:Good news to Scotland (2).pdf/2
m	masterdonaldcargil	Page:Life and wonderful prophecies of Donald Cargill (2).pdf/24
m	masterdonaldcargil	Page:Life and wonderful prophecies of Donald Cargill (1).pdf/24
m	masterjamesrenvick	Page:Elegy upon the death of that famous and faithful minister and martyr Mr. James Renwick.pdf/11
ms	anne	Page:New mirror of love.pdf/24
m	william	Page:New mirror of love.pdf/24
fms	iloveyou	Page:New mirror of love.pdf/19
fms	henry	Page:New mirror of love.pdf/19
fms	su	Page:New mirror of love.pdf/19
fm	san	Page:New mirror of love.pdf/20
m	thegreatdivide	Page:This Canada of ours and other poems.djvu/39
ms	chatterton	The Confessions of William-Henry Ireland
m	chaucer	The Confessions of William-Henry Ireland
ms	richard	The Confessions of William-Henry Ireland
ms	elizabeth	The Confessions of William-Henry Ireland
ms	mary	The Confessions of William-Henry Ireland
ms	sidney	The Confessions of William-Henry Ireland
ms	henry	The Confessions of William-Henry Ireland
ms	warwick	The Confessions of William-Henry Ireland
ms	dudley	The Confessions of William-Henry Ireland
ms	southampton	The Confessions of William-Henry Ireland
ms	rivers	The Confessions of William-Henry Ireland
ms	shakspeare	The Confessions of William-Henry Ireland
m	ireland	The Confessions of William-Henry Ireland
m	agnesgeorginahull	Page:Collingwood - Life and Letters of Lewis Carroll.djvu/388
m	lorinaaliceedith	Page:Complete Works of Lewis Carroll.djvu/942
fm	finis	Page:Cornish feasts and folk-lore.djvu/218
fn	nation	Page:Cyclopedia of illustrations for public speakers, containing facts, incidents, stories, experiences, anecdotes, selections, etc., for illustrative purposes, with cross-references; (IA cyclopediaofillu00scotrich).pdf/120
fn	hexachordadura	Page:Pratt - The history of music (1907).djvu/72
fn	boston	Page:Spalding's Baseball Guide (1894).djvu/55
m2o	maryduckworth	Page:Poems Curwen.djvu/242,maryduckworth
m2o	adaainsworth	Page:Poems Curwen.djvu/243,adaainsworth
m2o	adagrange	Page:Poems Curwen.djvu/243,adagrange
m4o	noralinton	Page:Poems Curwen.djvu/240
fm	vanhoe	Page:The Strand Magazine (Volume 70).djvu/37
t	elizabethrebecca	Elizabeth (Poe)
tn	denomination	Page:Cyclopedia of illustrations for public speakers, containing facts, incidents, stories, experiences, anecdotes, selections, etc., for illustrative purposes, with cross-references; (IA cyclopediaofillu00scotrich).pdf/121
t	tojosephknight	Page:Notes by the Way.djvu/61
tn	denomination	Page:Cyclopedia of illustrations for public speakers, containing facts, incidents, stories, experiences, anecdotes, selections, etc., for illustrative purposes, with cross-references; (IA cyclopediaofillu00scotrich).pdf/120
t	iesuchristsonneofgodthesauiour	Page:Whole prophecies of Scotland, England, Ireland, France &amp; Denmark.pdf/46
t	istsonneofgodthesauiou	Page:Whole prophecies of Scotland, England, Ireland, France, and Denmark (1).pdf/46
t	thealchemist	Page:The Works of Ben Jonson - Gifford - Volume 4.djvu/13
t	princecharlie	Page:Carroll - Three Sunsets.djvu/83
t	gertrudechataway	Page:Carroll - Rhyme and Reason.djvu/11
t	cornelia▁bassett	Ben King's Verse/Asphodel
t	kathleen▁bruce	Page:Clouds without Water (Crowley, 1909).djvu/24
t	survival	United States Army Field Manual 7-93 Long-Range Surveillance Unit Operations/Appendix F
t	amazing	Page:Amazing Stories Volume 17 Number 06.djvu/6
t	perhaps	Page:Love's trilogy.djvu/79
t	alicepleasanceliddell	Page:Complete Works of Lewis Carroll.djvu/292
t	alicepleasanceliddell	Page:Through the looking-glass and what Alice found there (IA throughlookinggl00carr4).pdf/323
t	alicepleasan	Page:Through the Looking-Glass, and What Alice Found There.djvu/243
t	thomasof	The Elements of Law/Part I/Chapter 1
t	marystokes	Page:Notes and Queries - Series 12 - Volume 4.djvu/257